{"stats":{"minecraft:killed":{"earthmobsmod:umbra_cow":1},"minecraft:custom":{"minecraft:time_since_rest":1,"minecraft:sprint_one_cm":58032,"minecraft:damage_taken":540,"minecraft:walk_one_cm":12129,"minecraft:mob_kills":1,"minecraft:damage_dealt":100,"minecraft:swim_one_cm":3036,"minecraft:fly_one_cm":96357,"minecraft:crouch_one_cm":508,"minecraft:play_time":10013,"minecraft:deaths":1,"minecraft:sneak_time":114,"minecraft:walk_under_water_one_cm":516,"minecraft:jump":363,"minecraft:leave_game":1,"minecraft:walk_on_water_one_cm":2019,"minecraft:time_since_death":351,"minecraft:total_world_time":10013,"minecraft:fall_one_cm":19266},"minecraft:picked_up":{"iceandfire:dragonbone":13,"luminousworld:blackberry":16,"minecraft:sweet_berries":25,"minecraft:leather":1,"minecraft:sand":1,"minecraft:spruce_log":9,"minecraft:dirt":1,"iceandfire:dragon_skull_ice":1,"luminousworld:decorative_brown_mushroom_1":2,"luminousworld:blueberry":17,"minecraft:black_wool":1,"undead_revamp2:arapholia":2},"minecraft:used":{"minecraft:black_wool":1,"luminousworld:blueberry":1,"luminousworld:blackberry":2,"minecraft:sand":1,"minecraft:dirt":1,"minecraft:sweet_berries":5,"alexsmobs:animal_dictionary":2,"luminousworld:decorative_brown_mushroom_1":2},"minecraft:mined":{"undead_revamp2:arapholia":2,"minecraft:large_fern":1,"luminousworld:black_berry_stage_1":4,"luminousworld:blueberry_stage_1":2,"minecraft:sweet_berry_bush":11,"minecraft:spruce_log":9,"luminousworld:mossbuds_1":3,"minecraft:grass":2,"luminousworld:mossbuds_2":2,"minecraft:sand":1,"luminousworld:decorative_brown_mushroom_1":1,"luminousworld:blackberrybush":3,"minecraft:spruce_leaves":2,"minecraft:fern":5,"minecraft:podzol":1}},"DataVersion":3465}