{"stats":{"minecraft:killed":{"born_in_chaos_v1:diamond_termite":3,"earthmobsmod:umbra_cow":1,"born_in_chaos_v1:maggot":1,"minecraft:skeleton":1,"minecraft:zombie":1},"minecraft:custom":{"minecraft:interact_with_furnace":6,"minecraft:mob_kills":7,"minecraft:interact_with_crafting_table":17,"minecraft:leave_game":1,"minecraft:time_since_death":16332,"minecraft:time_since_rest":13933,"minecraft:sprint_one_cm":112008,"minecraft:damage_taken":775,"minecraft:walk_one_cm":31687,"minecraft:damage_blocked_by_shield":20,"minecraft:drop":1,"minecraft:damage_dealt":980,"minecraft:swim_one_cm":5732,"minecraft:fly_one_cm":190776,"minecraft:crouch_one_cm":7565,"minecraft:deaths":1,"minecraft:play_time":25994,"tombstone:undead_killed":2,"minecraft:sneak_time":1304,"minecraft:walk_under_water_one_cm":8140,"minecraft:jump":762,"minecraft:walk_on_water_one_cm":6570,"minecraft:total_world_time":25994,"minecraft:fall_one_cm":29327},"minecraft:picked_up":{"born_in_chaos_v1:diamond_termite_shard":3,"minecraft:crafting_table":4,"luminousworld:blackberry":29,"luminousworld:ishstone":1,"minecraft:leather":1,"supplementaries:flax_seeds":1,"minecraft:lapis_lazuli":9,"minecraft:dirt":1,"minecraft:stick":2,"minecraft:raw_iron":14,"iceandfire:dragonbone":13,"minecraft:sweet_berries":41,"minecraft:sand":1,"minecraft:spruce_log":9,"iceandfire:dragon_skull_ice":1,"luminousworld:decorative_brown_mushroom_1":2,"minecraft:rotten_flesh":2,"luminousworld:blueberry":21,"minecraft:black_wool":1,"undead_revamp2:arapholia":2,"minecraft:coal":6,"iceandfire:raw_silver":3,"minecraft:cobblestone":23},"minecraft:used":{"minecraft:stone_pickaxe":48,"luminousworld:blackberry":6,"minecraft:shield":1,"minecraft:wooden_pickaxe":4,"minecraft:torch":1,"minecraft:dirt":1,"minecraft:sand":1,"minecraft:crafting_table":5,"minecraft:black_wool":1,"luminousworld:blueberry":3,"minecraft:iron_pickaxe":5,"minecraft:stone_axe":15,"minecraft:sweet_berries":6,"minecraft:furnace":1,"alexsmobs:animal_dictionary":2,"luminousworld:decorative_brown_mushroom_1":2},"minecraft:mined":{"undead_revamp2:arapholia":2,"minecraft:podzol":1,"iceandfire:silver_ore":3,"luminousworld:blueberry_stage_1":2,"luminousworld:mossbuds_1":3,"born_in_chaos_v1:infected_diamond_ore":2,"minecraft:crafting_table":4,"ecologics:surface_moss":1,"luminousworld:mossbuds_2":2,"luminousworld:decorative_brown_mushroom_1":1,"luminousworld:blackberrybush":3,"minecraft:spruce_leaves":4,"supplementaries:urn":1,"minecraft:large_fern":1,"luminousworld:black_berry_stage_1":4,"minecraft:iron_ore":15,"minecraft:sweet_berry_bush":18,"minecraft:spruce_log":9,"minecraft:deepslate_lapis_ore":1,"minecraft:grass":2,"minecraft:coal_ore":6,"luminousworld:ishstone":2,"minecraft:sand":1,"minecraft:stone":24,"minecraft:fern":5},"minecraft:dropped":{"minecraft:stone_pickaxe":1},"minecraft:crafted":{"minecraft:crafting_table":2,"minecraft:spruce_planks":28,"minecraft:wooden_pickaxe":1,"minecraft:furnace":1,"minecraft:stone_axe":1,"minecraft:air":0,"aether:iron_gloves":1,"minecraft:shield":1,"minecraft:stick":16,"minecraft:iron_ingot":12,"minecraft:iron_pickaxe":1,"minecraft:stone_pickaxe":1,"minecraft:torch":8}},"DataVersion":3465}