{"stats":{"minecraft:killed":{"luminousworld:miner_zombie":1,"enemyexpansion:ladybug":1,"born_in_chaos_v1:diamond_termite":5,"undead_revamp2:the_moonflower":1,"earthmobsmod:umbra_cow":1,"born_in_chaos_v1:maggot":1,"minecraft:skeleton":2,"friendsandfoes:glare":1,"minecraft:zombie":2},"minecraft:killed_by":{"minecraft:husk":1},"minecraft:custom":{"minecraft:interact_with_furnace":9,"minecraft:mob_kills":15,"minecraft:interact_with_crafting_table":23,"minecraft:open_barrel":6,"minecraft:leave_game":1,"minecraft:time_since_death":549,"minecraft:climb_one_cm":954,"minecraft:time_since_rest":327,"minecraft:sprint_one_cm":198642,"minecraft:damage_taken":1615,"minecraft:walk_one_cm":82293,"minecraft:damage_blocked_by_shield":200,"minecraft:drop":8,"minecraft:damage_dealt":2806,"minecraft:swim_one_cm":9060,"minecraft:fly_one_cm":330869,"minecraft:open_chest":4,"minecraft:crouch_one_cm":17113,"minecraft:deaths":2,"minecraft:play_time":43994,"tombstone:undead_killed":6,"minecraft:sneak_time":3464,"minecraft:walk_under_water_one_cm":12444,"minecraft:jump":1395,"minecraft:interact_with_blast_furnace":2,"minecraft:walk_on_water_one_cm":10279,"minecraft:total_world_time":43994,"minecraft:fall_one_cm":42401},"minecraft:picked_up":{"minecraft:birch_door":1,"born_in_chaos_v1:diamond_termite_shard":5,"minecraft:crafting_table":5,"luminousworld:blackberry":29,"luminousworld:ishstone":1,"minecraft:leather":1,"minecraft:potion":2,"supplementaries:flax_seeds":2,"minecraft:polished_deepslate":1,"minecraft:string":2,"minecraft:lapis_lazuli":15,"minecraft:dirt":1,"minecraft:raw_gold":6,"minecraft:spruce_planks":5,"minecraft:furnace":1,"minecraft:stick":2,"minecraft:raw_iron":28,"iceandfire:dragonbone":24,"quark:white_shard":6,"minecraft:sweet_berries":41,"minecraft:sand":1,"minecraft:blast_furnace":10,"minecraft:spruce_log":15,"minecraft:cyan_bed":1,"iceandfire:dragon_skull_ice":2,"luminousworld:decorative_brown_mushroom_1":2,"minecraft:rotten_flesh":5,"luminousworld:blueberry":21,"supplementaries:ash":7,"minecraft:black_wool":1,"minecraft:glow_berries":2,"undead_revamp2:arapholia":2,"minecraft:coal":16,"iceandfire:raw_silver":4,"minecraft:cobblestone":28},"minecraft:used":{"minecraft:polished_deepslate":1,"minecraft:stone_pickaxe":48,"luminousworld:blackberry":14,"luminousworld:ishstone":1,"minecraft:spruce_planks":35,"minecraft:shield":5,"minecraft:wooden_pickaxe":4,"minecraft:iron_sword":48,"minecraft:torch":1,"minecraft:dirt":1,"minecraft:sand":1,"minecraft:crafting_table":7,"minecraft:black_wool":1,"luminousworld:blueberry":6,"minecraft:bread":5,"minecraft:iron_pickaxe":85,"minecraft:spruce_trapdoor":4,"minecraft:stone_axe":58,"minecraft:sweet_berries":11,"minecraft:furnace":1,"alexsmobs:animal_dictionary":2,"luminousworld:decorative_brown_mushroom_1":2},"minecraft:mined":{"undead_revamp2:arapholia":2,"minecraft:dark_oak_planks":15,"minecraft:podzol":1,"minecraft:mud_brick_slab":2,"minecraft:spruce_planks":6,"iceandfire:silver_ore":4,"minecraft:polished_deepslate_stairs":1,"luminousworld:blueberry_stage_1":2,"quark:blue_blossom_leaves":26,"luminousworld:mossbuds_1":3,"born_in_chaos_v1:infected_diamond_ore":3,"minecraft:crafting_table":5,"ecologics:surface_moss":2,"minecraft:blast_furnace":10,"luminousworld:mossbuds_2":2,"minecraft:calcite":3,"minecraft:chest":1,"minecraft:white_stained_glass":2,"minecraft:tall_grass":2,"luminousworld:decorative_brown_mushroom_1":1,"luminousworld:blackberrybush":3,"minecraft:cyan_bed":2,"minecraft:spruce_leaves":6,"minecraft:deepslate_gold_ore":1,"minecraft:spawner":2,"supplementaries:urn":5,"minecraft:large_fern":1,"minecraft:hay_block":2,"luminousworld:black_berry_stage_1":4,"minecraft:furnace":1,"minecraft:light_gray_stained_glass":3,"luminousworld:black_berry_stage_0":2,"minecraft:iron_ore":25,"minecraft:sweet_berry_bush":18,"minecraft:black_wall_banner":1,"minecraft:spruce_log":15,"minecraft:birch_door":1,"minecraft:deepslate_lapis_ore":2,"minecraft:polished_deepslate":1,"minecraft:grass":6,"minecraft:bookshelf":1,"minecraft:coal_ore":11,"luminousworld:ishstone":2,"minecraft:deepslate_iron_ore":4,"minecraft:iron_bars":1,"minecraft:cyan_carpet":1,"minecraft:gravel":1,"minecraft:sand":1,"minecraft:stone":31,"minecraft:gold_ore":5,"minecraft:cyan_candle":1,"minecraft:fern":5},"minecraft:dropped":{"undead_revamp2:arapholia":2,"minecraft:rotten_flesh":5,"iceandfire:dragon_skull_ice":1,"minecraft:stick":7,"supplementaries:flax_seeds":2,"minecraft:stone_pickaxe":1,"minecraft:glistering_melon_slice":3,"minecraft:string":2},"minecraft:crafted":{"aether:iron_ring":1,"iceandfire:silver_ingot":3,"minecraft:crafting_table":2,"minecraft:spruce_planks":52,"minecraft:wooden_pickaxe":1,"minecraft:iron_sword":1,"minecraft:furnace":1,"minecraft:stone_axe":1,"minecraft:air":0,"aether:iron_gloves":1,"minecraft:spruce_trapdoor":6,"minecraft:shield":1,"minecraft:spruce_slab":6,"minecraft:stick":16,"minecraft:iron_ingot":14,"minecraft:iron_pickaxe":1,"minecraft:stone_pickaxe":1,"minecraft:torch":8}},"DataVersion":3465}