{"stats":{"minecraft:killed":{"luminousworld:miner_zombie":1,"born_in_chaos_v1:maggot":1,"minecraft:skeleton":2,"friendsandfoes:glare":1,"iceandfire:dread_thrall":1,"enemyexpansion:ladybug":1,"born_in_chaos_v1:diamond_termite":5,"undead_revamp2:the_moonflower":1,"earthmobsmod:umbra_cow":1,"minecraft:zombie":2},"minecraft:killed_by":{"minecraft:husk":1,"iceandfire:dread_beast":1,"iceandfire:dread_knight":2},"minecraft:custom":{"minecraft:mob_kills":16,"minecraft:interact_with_crafting_table":27,"minecraft:open_barrel":10,"minecraft:leave_game":2,"minecraft:time_since_death":757,"minecraft:climb_one_cm":970,"minecraft:sprint_one_cm":263258,"minecraft:walk_one_cm":119836,"minecraft:damage_blocked_by_shield":200,"minecraft:drop":18,"minecraft:play_time":61579,"minecraft:deaths":5,"minecraft:sneak_time":5380,"minecraft:walk_under_water_one_cm":12491,"minecraft:boat_one_cm":1080,"minecraft:jump":1875,"minecraft:interact_with_blast_furnace":2,"minecraft:walk_on_water_one_cm":10484,"minecraft:total_world_time":61579,"minecraft:interact_with_furnace":9,"minecraft:sleep_in_bed":2,"minecraft:time_since_rest":420,"minecraft:damage_taken":2475,"minecraft:damage_dealt":3393,"minecraft:swim_one_cm":9060,"minecraft:fly_one_cm":430493,"minecraft:open_chest":22,"minecraft:crouch_one_cm":22746,"tombstone:undead_killed":7,"minecraft:fall_one_cm":52976},"minecraft:picked_up":{"born_in_chaos_v1:diamond_termite_shard":5,"minecraft:crafting_table":5,"minecraft:birch_door":1,"luminousworld:blackberry":29,"minecraft:potion":2,"tombstone:grave_key":1,"minecraft:polished_deepslate":1,"minecraft:string":2,"minecraft:spruce_planks":6,"minecraft:coal_block":7,"minecraft:chest":1,"minecraft:spruce_trapdoor":2,"minecraft:furnace":1,"minecraft:raw_iron":28,"minecraft:stick":16,"iceandfire:dragonbone":24,"minecraft:torch":7,"minecraft:cake":1,"iceandfire:dragon_skull_ice":2,"luminousworld:decorative_brown_mushroom_1":2,"iceandfire:silver_ingot":3,"minecraft:rotten_flesh":5,"supplementaries:ash":7,"minecraft:glow_berries":2,"undead_revamp2:arapholia":2,"minecraft:cobblestone":28,"luminousworld:ishstone":1,"minecraft:leather":1,"supplementaries:flax_seeds":2,"minecraft:lapis_lazuli":15,"minecraft:dirt":18,"minecraft:raw_gold":6,"quark:white_shard":6,"minecraft:sweet_berries":41,"iceandfire:ash":1,"minecraft:sand":1,"minecraft:amethyst_shard":4,"minecraft:spruce_sapling":1,"minecraft:red_banner":1,"minecraft:blast_furnace":15,"minecraft:spruce_log":30,"minecraft:cyan_bed":3,"luminousworld:blueberry":21,"minecraft:black_wool":1,"minecraft:coal":20,"iceandfire:raw_silver":6},"minecraft:used":{"minecraft:polished_deepslate":1,"minecraft:spruce_planks":42,"minecraft:shield":5,"minecraft:iron_sword":72,"minecraft:torch":1,"minecraft:dirt":6,"minecraft:spruce_boat":2,"quark:spruce_chest":2,"luminousworld:blueberry":6,"minecraft:sweet_berries":11,"minecraft:furnace":1,"tombstone:gift":2,"luminousworld:decorative_brown_mushroom_1":2,"minecraft:stone_pickaxe":48,"luminousworld:blackberry":14,"minecraft:wooden_pickaxe":4,"luminousworld:ishstone":1,"minecraft:sand":1,"minecraft:crafting_table":8,"minecraft:black_wool":1,"minecraft:iron_pickaxe":102,"minecraft:cyan_bed":3,"minecraft:bread":7,"minecraft:spruce_trapdoor":4,"iceandfire:ash":1,"minecraft:stone_axe":90,"minecraft:cobblestone":14,"alexsmobs:animal_dictionary":2},"minecraft:mined":{"undead_revamp2:arapholia":2,"minecraft:dark_oak_planks":15,"minecraft:spruce_planks":8,"iceandfire:silver_ore":6,"luminousworld:blueberry_stage_1":2,"luminousworld:mossbuds_1":3,"quark:blue_blossom_leaves":26,"born_in_chaos_v1:infected_diamond_ore":3,"ecologics:surface_moss":2,"minecraft:spruce_trapdoor":2,"luminousworld:mossbuds_2":2,"minecraft:grass_block":3,"minecraft:white_stained_glass":2,"minecraft:coal_block":7,"luminousworld:decorative_brown_mushroom_1":1,"luminousworld:blackberrybush":3,"minecraft:spruce_leaves":9,"minecraft:spawner":2,"minecraft:large_fern":1,"minecraft:hay_block":11,"minecraft:furnace":1,"minecraft:dark_oak_trapdoor":1,"minecraft:iron_ore":25,"minecraft:deepslate_lapis_ore":2,"minecraft:polished_deepslate":1,"minecraft:bookshelf":1,"minecraft:deepslate_iron_ore":4,"minecraft:iron_bars":1,"minecraft:stone":31,"minecraft:podzol":1,"minecraft:mud_brick_slab":2,"minecraft:polished_deepslate_stairs":1,"minecraft:red_banner":1,"minecraft:crafting_table":5,"minecraft:blast_furnace":15,"minecraft:calcite":6,"minecraft:chest":2,"minecraft:tall_grass":2,"minecraft:cyan_bed":4,"minecraft:deepslate_gold_ore":1,"supplementaries:urn":5,"luminousworld:black_berry_stage_1":4,"minecraft:light_gray_stained_glass":3,"luminousworld:black_berry_stage_0":2,"minecraft:sweet_berry_bush":18,"minecraft:black_wall_banner":1,"iceandfire:ash":1,"minecraft:spruce_log":30,"minecraft:birch_door":1,"minecraft:grass":6,"minecraft:coal_ore":11,"luminousworld:ishstone":2,"minecraft:gravel":1,"minecraft:cyan_carpet":1,"minecraft:sand":1,"minecraft:dirt":14,"minecraft:gold_ore":5,"minecraft:cyan_candle":1,"minecraft:fern":7},"minecraft:dropped":{"minecraft:glow_berries":2,"minecraft:stick":14,"minecraft:torch":14,"tombstone:grave_key":1,"minecraft:glistering_melon_slice":3,"minecraft:string":2,"undead_revamp2:arapholia":2,"minecraft:rotten_flesh":5,"iceandfire:dragon_skull_ice":1,"quark:white_shard":6,"supplementaries:flax_seeds":2,"minecraft:cake":2,"minecraft:birch_door":1,"minecraft:chest":1,"minecraft:stone_pickaxe":1},"minecraft:crafted":{"aether:iron_ring":1,"minecraft:furnace":1,"minecraft:spruce_slab":6,"minecraft:stone_pickaxe":1,"minecraft:spruce_boat":2,"quark:spruce_chest":2,"iceandfire:silver_ingot":3,"minecraft:crafting_table":3,"minecraft:spruce_planks":100,"minecraft:wooden_pickaxe":1,"minecraft:iron_sword":1,"minecraft:stone_axe":1,"minecraft:air":0,"aether:iron_gloves":1,"minecraft:spruce_trapdoor":6,"minecraft:shield":2,"minecraft:stick":16,"minecraft:iron_ingot":14,"minecraft:iron_pickaxe":1,"minecraft:torch":8}},"DataVersion":3465}