{"stats":{"minecraft:killed":{"earthmobsmod:umbra_cow":1},"minecraft:custom":{"minecraft:sprint_one_cm":100642,"minecraft:damage_taken":660,"minecraft:walk_one_cm":18597,"minecraft:mob_kills":1,"minecraft:damage_dealt":100,"minecraft:swim_one_cm":5732,"minecraft:interact_with_crafting_table":11,"minecraft:fly_one_cm":177883,"minecraft:crouch_one_cm":3644,"minecraft:play_time":19994,"minecraft:deaths":1,"minecraft:sneak_time":741,"minecraft:walk_under_water_one_cm":8055,"minecraft:jump":663,"minecraft:leave_game":1,"minecraft:walk_on_water_one_cm":5835,"minecraft:time_since_death":10332,"minecraft:total_world_time":19994,"minecraft:fall_one_cm":25983,"minecraft:time_since_rest":7933},"minecraft:picked_up":{"minecraft:stick":2,"minecraft:crafting_table":2,"iceandfire:dragonbone":13,"luminousworld:blackberry":29,"minecraft:sweet_berries":41,"minecraft:leather":1,"minecraft:sand":1,"minecraft:spruce_log":9,"minecraft:dirt":1,"iceandfire:dragon_skull_ice":1,"luminousworld:decorative_brown_mushroom_1":2,"luminousworld:blueberry":21,"minecraft:black_wool":1,"undead_revamp2:arapholia":2,"minecraft:cobblestone":22},"minecraft:used":{"minecraft:black_wool":1,"luminousworld:blueberry":3,"minecraft:stone_pickaxe":19,"luminousworld:blackberry":4,"minecraft:wooden_pickaxe":4,"minecraft:stone_axe":1,"minecraft:dirt":1,"minecraft:sand":1,"minecraft:sweet_berries":6,"minecraft:crafting_table":2,"alexsmobs:animal_dictionary":2,"luminousworld:decorative_brown_mushroom_1":2},"minecraft:mined":{"undead_revamp2:arapholia":2,"minecraft:podzol":1,"minecraft:large_fern":1,"luminousworld:black_berry_stage_1":4,"luminousworld:blueberry_stage_1":2,"minecraft:sweet_berry_bush":18,"minecraft:spruce_log":9,"luminousworld:mossbuds_1":3,"minecraft:crafting_table":2,"minecraft:grass":2,"luminousworld:mossbuds_2":2,"minecraft:sand":1,"luminousworld:decorative_brown_mushroom_1":1,"luminousworld:blackberrybush":3,"minecraft:spruce_leaves":4,"minecraft:stone":22,"minecraft:fern":5},"minecraft:crafted":{"minecraft:crafting_table":1,"minecraft:spruce_planks":28,"minecraft:stick":16,"minecraft:wooden_pickaxe":1,"minecraft:stone_pickaxe":1,"minecraft:stone_axe":1}},"DataVersion":3465}