{"stats":{"minecraft:killed":{"luminousworld:miner_zombie":1,"born_in_chaos_v1:maggot":1,"minecraft:skeleton":2,"friendsandfoes:glare":1,"enemyexpansion:ladybug":1,"born_in_chaos_v1:diamond_termite":5,"undead_revamp2:the_moonflower":1,"earthmobsmod:umbra_cow":1,"minecraft:zombie":2},"minecraft:killed_by":{"minecraft:husk":1},"minecraft:custom":{"minecraft:mob_kills":15,"minecraft:interact_with_crafting_table":23,"minecraft:open_barrel":10,"minecraft:leave_game":1,"minecraft:time_since_death":6549,"minecraft:climb_one_cm":970,"minecraft:sprint_one_cm":243787,"minecraft:walk_one_cm":104378,"minecraft:damage_blocked_by_shield":200,"minecraft:drop":17,"minecraft:play_time":49994,"minecraft:deaths":2,"minecraft:sneak_time":3996,"minecraft:walk_under_water_one_cm":12444,"minecraft:jump":1654,"minecraft:interact_with_blast_furnace":2,"minecraft:walk_on_water_one_cm":10279,"minecraft:total_world_time":49994,"minecraft:interact_with_furnace":9,"minecraft:sleep_in_bed":1,"minecraft:time_since_rest":1801,"minecraft:damage_taken":1705,"minecraft:damage_dealt":2806,"minecraft:swim_one_cm":9060,"minecraft:fly_one_cm":396007,"minecraft:open_chest":5,"minecraft:crouch_one_cm":19839,"tombstone:undead_killed":6,"minecraft:fall_one_cm":50522},"minecraft:picked_up":{"minecraft:crafting_table":5,"born_in_chaos_v1:diamond_termite_shard":5,"minecraft:birch_door":1,"luminousworld:blackberry":29,"minecraft:potion":2,"minecraft:polished_deepslate":1,"minecraft:string":2,"minecraft:spruce_planks":5,"minecraft:coal_block":7,"minecraft:chest":1,"minecraft:spruce_trapdoor":2,"minecraft:furnace":1,"minecraft:raw_iron":28,"minecraft:stick":16,"iceandfire:dragonbone":24,"minecraft:torch":7,"minecraft:cake":1,"iceandfire:dragon_skull_ice":2,"luminousworld:decorative_brown_mushroom_1":2,"iceandfire:silver_ingot":3,"minecraft:rotten_flesh":5,"supplementaries:ash":7,"minecraft:glow_berries":2,"undead_revamp2:arapholia":2,"minecraft:cobblestone":28,"luminousworld:ishstone":1,"minecraft:leather":1,"supplementaries:flax_seeds":2,"minecraft:lapis_lazuli":15,"minecraft:dirt":1,"minecraft:raw_gold":6,"quark:white_shard":6,"minecraft:sweet_berries":41,"minecraft:sand":1,"minecraft:amethyst_shard":4,"minecraft:red_banner":1,"minecraft:blast_furnace":15,"minecraft:spruce_log":15,"minecraft:cyan_bed":2,"luminousworld:blueberry":21,"minecraft:black_wool":1,"minecraft:coal":20,"iceandfire:raw_silver":6},"minecraft:used":{"minecraft:polished_deepslate":1,"minecraft:spruce_planks":37,"minecraft:shield":5,"minecraft:iron_sword":49,"minecraft:torch":1,"minecraft:dirt":1,"luminousworld:blueberry":6,"minecraft:sweet_berries":11,"minecraft:furnace":1,"luminousworld:decorative_brown_mushroom_1":2,"minecraft:stone_pickaxe":48,"luminousworld:blackberry":14,"minecraft:wooden_pickaxe":4,"luminousworld:ishstone":1,"minecraft:sand":1,"minecraft:crafting_table":7,"minecraft:black_wool":1,"minecraft:bread":7,"minecraft:cyan_bed":1,"minecraft:iron_pickaxe":102,"minecraft:spruce_trapdoor":4,"minecraft:stone_axe":73,"minecraft:cobblestone":5,"alexsmobs:animal_dictionary":2},"minecraft:mined":{"undead_revamp2:arapholia":2,"minecraft:dark_oak_planks":15,"minecraft:spruce_planks":7,"iceandfire:silver_ore":6,"luminousworld:blueberry_stage_1":2,"luminousworld:mossbuds_1":3,"quark:blue_blossom_leaves":26,"born_in_chaos_v1:infected_diamond_ore":3,"ecologics:surface_moss":2,"minecraft:spruce_trapdoor":2,"luminousworld:mossbuds_2":2,"minecraft:white_stained_glass":2,"minecraft:coal_block":7,"luminousworld:decorative_brown_mushroom_1":1,"luminousworld:blackberrybush":3,"minecraft:spruce_leaves":6,"minecraft:spawner":2,"minecraft:large_fern":1,"minecraft:hay_block":11,"minecraft:furnace":1,"minecraft:dark_oak_trapdoor":1,"minecraft:iron_ore":25,"minecraft:deepslate_lapis_ore":2,"minecraft:polished_deepslate":1,"minecraft:bookshelf":1,"minecraft:deepslate_iron_ore":4,"minecraft:iron_bars":1,"minecraft:stone":31,"minecraft:podzol":1,"minecraft:mud_brick_slab":2,"minecraft:polished_deepslate_stairs":1,"minecraft:red_banner":1,"minecraft:crafting_table":5,"minecraft:blast_furnace":15,"minecraft:calcite":6,"minecraft:chest":2,"minecraft:tall_grass":2,"minecraft:deepslate_gold_ore":1,"minecraft:cyan_bed":3,"supplementaries:urn":5,"luminousworld:black_berry_stage_1":4,"minecraft:light_gray_stained_glass":3,"luminousworld:black_berry_stage_0":2,"minecraft:sweet_berry_bush":18,"minecraft:black_wall_banner":1,"minecraft:spruce_log":15,"minecraft:birch_door":1,"minecraft:grass":6,"minecraft:coal_ore":11,"luminousworld:ishstone":2,"minecraft:sand":1,"minecraft:gravel":1,"minecraft:cyan_carpet":1,"minecraft:gold_ore":5,"minecraft:cyan_candle":1,"minecraft:fern":5},"minecraft:dropped":{"minecraft:glow_berries":2,"minecraft:stick":14,"minecraft:torch":14,"minecraft:glistering_melon_slice":3,"minecraft:string":2,"undead_revamp2:arapholia":2,"minecraft:rotten_flesh":5,"iceandfire:dragon_skull_ice":1,"quark:white_shard":6,"supplementaries:flax_seeds":2,"minecraft:cake":2,"minecraft:birch_door":1,"minecraft:chest":1,"minecraft:stone_pickaxe":1},"minecraft:crafted":{"aether:iron_ring":1,"minecraft:furnace":1,"minecraft:spruce_slab":6,"minecraft:stone_pickaxe":1,"iceandfire:silver_ingot":3,"minecraft:crafting_table":2,"minecraft:spruce_planks":52,"minecraft:wooden_pickaxe":1,"minecraft:iron_sword":1,"minecraft:stone_axe":1,"minecraft:air":0,"aether:iron_gloves":1,"minecraft:spruce_trapdoor":6,"minecraft:shield":2,"minecraft:stick":16,"minecraft:iron_ingot":14,"minecraft:iron_pickaxe":1,"minecraft:torch":8}},"DataVersion":3465}