{"stats":{"minecraft:dropped":{"aether:iron_gloves":2,"born_in_chaos_v1:corpse_maggot":5},"minecraft:crafted":{"aether:diamond_gloves":1,"aether:iron_ring":1,"minecraft:diamond_sword":1,"minecraft:dark_oak_planks":4,"minecraft:diamond_pickaxe":1,"minecraft:diamond_axe":1},"minecraft:killed":{"born_in_chaos_v1:corpse_fly":3},"minecraft:used":{"minecraft:iron_chestplate":1,"minecraft:dark_oak_planks":4,"minecraft:dirt":3,"minecraft:stone_sword":8,"quark:golden_apple_crate":1,"minecraft:bread":5,"minecraft:spruce_log":1,"minecraft:blue_bed":5},"minecraft:picked_up":{"quark:golden_apple_crate":1,"born_in_chaos_v1:corpse_maggot":5,"minecraft:diamond":18,"aether:iron_gloves":1,"minecraft:bread":63,"minecraft:spruce_log":1,"minecraft:blue_bed":4},"minecraft:custom":{"minecraft:open_chest":36,"minecraft:time_since_rest":4077,"minecraft:interact_with_furnace":1,"minecraft:crouch_one_cm":600,"minecraft:play_time":18034,"minecraft:sprint_one_cm":58281,"minecraft:damage_taken":220,"minecraft:walk_one_cm":24232,"minecraft:sneak_time":184,"minecraft:mob_kills":3,"minecraft:drop":6,"minecraft:jump":125,"minecraft:damage_dealt":437,"minecraft:time_since_death":18034,"minecraft:walk_on_water_one_cm":37,"minecraft:sleep_in_bed":2,"minecraft:total_world_time":18034,"minecraft:interact_with_crafting_table":3,"minecraft:fall_one_cm":1674,"minecraft:fly_one_cm":30263},"minecraft:mined":{"minecraft:dirt":2,"minecraft:spruce_log":1,"quark:golden_apple_crate":1,"minecraft:blue_bed":3}},"DataVersion":3465}