{"stats":{"minecraft:killed":{"luminousworld:miner_zombie":1,"enemyexpansion:ladybug":1,"born_in_chaos_v1:diamond_termite":5,"undead_revamp2:the_moonflower":1,"earthmobsmod:umbra_cow":1,"born_in_chaos_v1:maggot":1,"minecraft:skeleton":1,"friendsandfoes:glare":1,"minecraft:zombie":2},"minecraft:custom":{"minecraft:interact_with_furnace":9,"minecraft:mob_kills":14,"minecraft:interact_with_crafting_table":21,"minecraft:open_barrel":3,"minecraft:leave_game":1,"minecraft:time_since_death":28332,"minecraft:climb_one_cm":108,"minecraft:time_since_rest":25933,"minecraft:sprint_one_cm":173444,"minecraft:damage_taken":1125,"minecraft:walk_one_cm":58000,"minecraft:damage_blocked_by_shield":80,"minecraft:drop":4,"minecraft:damage_dealt":2393,"minecraft:swim_one_cm":9060,"minecraft:fly_one_cm":323561,"minecraft:crouch_one_cm":10930,"minecraft:deaths":1,"minecraft:play_time":37994,"tombstone:undead_killed":5,"minecraft:sneak_time":2144,"minecraft:walk_under_water_one_cm":12176,"minecraft:jump":1298,"minecraft:walk_on_water_one_cm":9094,"minecraft:total_world_time":37994,"minecraft:fall_one_cm":42134},"minecraft:picked_up":{"born_in_chaos_v1:diamond_termite_shard":5,"minecraft:crafting_table":5,"luminousworld:blackberry":29,"luminousworld:ishstone":1,"minecraft:leather":1,"minecraft:potion":2,"supplementaries:flax_seeds":2,"minecraft:polished_deepslate":1,"minecraft:string":2,"minecraft:lapis_lazuli":15,"minecraft:dirt":1,"minecraft:raw_gold":6,"minecraft:spruce_planks":1,"minecraft:furnace":1,"minecraft:stick":2,"minecraft:raw_iron":28,"iceandfire:dragonbone":24,"minecraft:sweet_berries":41,"minecraft:sand":1,"minecraft:blast_furnace":1,"minecraft:spruce_log":15,"iceandfire:dragon_skull_ice":2,"luminousworld:decorative_brown_mushroom_1":2,"minecraft:rotten_flesh":5,"luminousworld:blueberry":21,"supplementaries:ash":7,"minecraft:black_wool":1,"minecraft:glow_berries":2,"undead_revamp2:arapholia":2,"minecraft:coal":12,"iceandfire:raw_silver":4,"minecraft:cobblestone":28},"minecraft:used":{"minecraft:polished_deepslate":1,"minecraft:stone_pickaxe":48,"luminousworld:blackberry":14,"minecraft:spruce_planks":7,"minecraft:shield":3,"minecraft:wooden_pickaxe":4,"minecraft:iron_sword":32,"minecraft:torch":1,"minecraft:dirt":1,"minecraft:sand":1,"minecraft:crafting_table":5,"minecraft:black_wool":1,"luminousworld:blueberry":6,"minecraft:iron_pickaxe":60,"minecraft:stone_axe":35,"minecraft:sweet_berries":11,"minecraft:furnace":1,"alexsmobs:animal_dictionary":2,"luminousworld:decorative_brown_mushroom_1":2},"minecraft:mined":{"undead_revamp2:arapholia":2,"minecraft:podzol":1,"minecraft:spruce_planks":1,"iceandfire:silver_ore":4,"luminousworld:blueberry_stage_1":2,"quark:blue_blossom_leaves":26,"luminousworld:mossbuds_1":3,"born_in_chaos_v1:infected_diamond_ore":3,"minecraft:crafting_table":5,"ecologics:surface_moss":2,"minecraft:blast_furnace":1,"luminousworld:mossbuds_2":2,"minecraft:tall_grass":2,"luminousworld:decorative_brown_mushroom_1":1,"luminousworld:blackberrybush":3,"minecraft:spruce_leaves":6,"minecraft:deepslate_gold_ore":1,"supplementaries:urn":5,"minecraft:large_fern":1,"luminousworld:black_berry_stage_1":4,"minecraft:furnace":1,"luminousworld:black_berry_stage_0":2,"minecraft:iron_ore":25,"minecraft:sweet_berry_bush":18,"minecraft:spruce_log":15,"minecraft:deepslate_lapis_ore":2,"minecraft:polished_deepslate":1,"minecraft:grass":6,"minecraft:coal_ore":11,"luminousworld:ishstone":2,"minecraft:deepslate_iron_ore":4,"minecraft:gravel":1,"minecraft:sand":1,"minecraft:stone":31,"minecraft:gold_ore":5,"minecraft:fern":5},"minecraft:dropped":{"undead_revamp2:arapholia":2,"supplementaries:flax_seeds":2,"minecraft:stone_pickaxe":1,"minecraft:glistering_melon_slice":3},"minecraft:crafted":{"aether:iron_ring":1,"iceandfire:silver_ingot":3,"minecraft:crafting_table":2,"minecraft:spruce_planks":52,"minecraft:wooden_pickaxe":1,"minecraft:iron_sword":1,"minecraft:furnace":1,"minecraft:stone_axe":1,"minecraft:air":0,"aether:iron_gloves":1,"minecraft:shield":1,"minecraft:stick":16,"minecraft:iron_ingot":14,"minecraft:iron_pickaxe":1,"minecraft:stone_pickaxe":1,"minecraft:torch":8}},"DataVersion":3465}