{"stats":{"minecraft:killed":{"born_in_chaos_v1:restless_spirit":1,"born_in_chaos_v1:zombie_clown_not_despawn":1,"iceandfire:gorgon":1,"enemyexpansion:equestrian":1,"enemyexpansion:direwolf":3,"born_in_chaos_v1:zombie_bruiser":1,"born_in_chaos_v1:maggot":6,"minecraft:skeleton":2,"undead_revamp2:sucker":1,"born_in_chaos_v1:diamond_termite":4,"born_in_chaos_v1:decrepit_skeleton":1,"born_in_chaos_v1:decaying_zombie":1,"minecraft:zombie":1,"iceandfire:myrmex_soldier":1,"born_in_chaos_v1:corpse_fly":1,"enemyexpansion:huntsman":1,"born_in_chaos_v1:door_knight":1,"minecraft:cow":4,"enemyexpansion:wasp":1},"minecraft:killed_by":{"minecraft:husk":5,"iceandfire:myrmex_worker":1,"enemyexpansion:equestrian":1,"born_in_chaos_v1:corpse_fly":1,"born_in_chaos_v1:zombie_clown":1,"undead_revamp2:thehunter":1,"iceandfire:gorgon":5,"iceandfire:lightning_dragon":5,"enemyexpansion:direwolf":1,"iceandfire:ghost":2,"born_in_chaos_v1:door_knight":1,"iceandfire:myrmex_soldier":2},"minecraft:custom":{"minecraft:mob_kills":34,"minecraft:interact_with_crafting_table":9,"minecraft:open_barrel":7,"minecraft:leave_game":6,"minecraft:time_since_death":312,"minecraft:climb_one_cm":5068,"minecraft:sprint_one_cm":215609,"minecraft:walk_one_cm":155278,"minecraft:damage_blocked_by_shield":1160,"minecraft:drop":73,"minecraft:play_time":95087,"minecraft:deaths":26,"minecraft:sneak_time":1526,"minecraft:walk_under_water_one_cm":15852,"minecraft:boat_one_cm":145980,"minecraft:jump":2362,"minecraft:interact_with_blast_furnace":2,"minecraft:walk_on_water_one_cm":32730,"minecraft:total_world_time":95087,"minecraft:sleep_in_bed":1,"minecraft:time_since_rest":1,"minecraft:damage_taken":2147483647,"tombstone:sneak_grave":3,"minecraft:trigger_trapped_chest":2,"minecraft:damage_dealt":8374,"minecraft:swim_one_cm":66027,"minecraft:fly_one_cm":621947,"minecraft:open_chest":18,"minecraft:crouch_one_cm":2036,"tombstone:undead_killed":12,"minecraft:fall_one_cm":65645},"minecraft:picked_up":{"minecraft:crafting_table":3,"born_in_chaos_v1:diamond_termite_shard":3,"minecraft:enchanted_book":1,"minecraft:potion":4,"iceandfire:myrmex_jungle_chitin":3,"tombstone:grave_key":1,"born_in_chaos_v1:intoxicating_decoction":2,"minecraft:cobbled_deepslate":54,"minecraft:beef":28,"minecraft:calcite":1,"minecraft:stick":2,"ecologics:coconut_slice":4,"born_in_chaos_v1:pieceofdarkmetal":1,"iceandfire:silver_ingot":4,"minecraft:rotten_flesh":12,"minecraft:hay_block":6,"tombstone:essence_of_undeath":1,"minecraft:obsidian":5,"minecraft:cobblestone":24,"born_in_chaos_v1:corpse_maggot":2,"minecraft:leather":4,"minecraft:oak_log":5,"minecraft:gunpowder":1,"minecraft:dirt":3,"minecraft:bone":5,"minecraft:kelp":4,"iceandfire:myrmex_jungle_resin":1,"minecraft:wheat_seeds":4,"minecraft:iron_ingot":11,"minecraft:dark_oak_sign":3,"minecraft:iron_sword":1,"minecraft:dark_oak_stairs":1,"iceandfire:copper_nugget":35,"minecraft:stone_brick_slab":1,"born_in_chaos_v1:ethereal_spirit":1,"minecraft:amethyst_shard":16,"ecologics:coconut_husk":1,"minecraft:blast_furnace":3,"minecraft:cyan_bed":2,"iceandfire:myrmex_stinger":1,"minecraft:diamond":3,"minecraft:chainmail_leggings":1,"minecraft:painting":1,"minecraft:bread":31,"alexsmobs:maggot":2,"iceandfire:gorgon_head":1,"minecraft:coal":2},"minecraft:broken":{"minecraft:chainmail_leggings":1,"minecraft:iron_chestplate":1,"minecraft:diamond_boots":1,"minecraft:shield":1,"minecraft:stone_axe":1},"minecraft:used":{"minecraft:shield":57,"minecraft:iron_sword":43,"minecraft:dirt":1,"tombstone:gift":7,"minecraft:cobbled_deepslate":34,"minecraft:stone_pickaxe":31,"minecraft:oak_planks":1,"minecraft:wooden_pickaxe":3,"minecraft:crafting_table":3,"iceandfire:silver_axe":49,"minecraft:cake":3,"minecraft:cyan_bed":2,"minecraft:bread":21,"minecraft:iron_pickaxe":74,"tombstone:grave_key":2,"minecraft:stone_axe":72,"ecologics:coconut_slice":3,"minecraft:cobblestone":10,"minecraft:potion":1,"alexsmobs:animal_dictionary":1},"minecraft:mined":{"minecraft:tuff":4,"minecraft:deepslate_diamond_ore":3,"minecraft:jungle_leaves":1,"minecraft:budding_amethyst":2,"minecraft:grass_block":1,"luminousworld:grassvariant_2":1,"minecraft:spawner":2,"minecraft:hay_block":6,"minecraft:cobbled_deepslate":3,"minecraft:vine":1,"minecraft:stone":23,"minecraft:amethyst_cluster":4,"minecraft:crafting_table":3,"born_in_chaos_v1:infected_deepslate_diamond_ore":2,"minecraft:blast_furnace":3,"minecraft:calcite":4,"minecraft:tall_grass":1,"minecraft:cyan_bed":2,"placeablesmod:bread_full_block":1,"minecraft:amethyst_block":5,"iceandfire:crackled_stone":1,"minecraft:grass":2,"minecraft:oak_log":5,"minecraft:coal_ore":2,"minecraft:gravel":1,"minecraft:cobweb":1,"minecraft:smooth_basalt":2,"minecraft:oak_leaves":10,"minecraft:deepslate":47},"minecraft:dropped":{"minecraft:bread":30,"minecraft:iron_sword":1,"minecraft:wheat_seeds":6,"ecologics:coconut_slice":1,"minecraft:dirt":2,"tombstone:grave_key":1,"minecraft:potion":5,"minecraft:stone_brick_slab":2,"alexsmobs:maggot":2,"minecraft:dark_oak_sign":3,"minecraft:rotten_flesh":12,"minecraft:gunpowder":1,"born_in_chaos_v1:corpse_maggot":2,"ecologics:coconut_husk":4,"minecraft:beef":28,"minecraft:stone_pickaxe":1},"minecraft:crafted":{"hangglider:glider_framework":1,"minecraft:oak_planks":20,"minecraft:furnace":1,"hangglider:glider_wing":1,"minecraft:stone_pickaxe":1,"minecraft:wheat":54,"iceandfire:silver_axe":1,"minecraft:crafting_table":1,"minecraft:wooden_pickaxe":1,"minecraft:stone_axe":1,"minecraft:bread":18,"minecraft:shield":1,"minecraft:stick":12,"minecraft:iron_pickaxe":1}},"DataVersion":3465}