{"stats":{"minecraft:killed":{"born_in_chaos_v1:restless_spirit":1,"born_in_chaos_v1:zombie_clown_not_despawn":1,"enemyexpansion:equestrian":1,"born_in_chaos_v1:zombie_bruiser":1,"born_in_chaos_v1:decrepit_skeleton":1,"born_in_chaos_v1:maggot":6,"minecraft:skeleton":2,"born_in_chaos_v1:decaying_zombie":1,"minecraft:zombie":1,"born_in_chaos_v1:corpse_fly":1,"undead_revamp2:sucker":1,"minecraft:cow":4,"enemyexpansion:wasp":1},"minecraft:killed_by":{"undead_revamp2:thehunter":1,"minecraft:husk":5,"enemyexpansion:direwolf":1,"enemyexpansion:equestrian":1,"iceandfire:ghost":2},"minecraft:custom":{"minecraft:mob_kills":22,"minecraft:interact_with_crafting_table":7,"minecraft:open_barrel":7,"minecraft:leave_game":2,"minecraft:time_since_death":770,"minecraft:climb_one_cm":1333,"minecraft:time_since_rest":1,"minecraft:sprint_one_cm":110820,"minecraft:damage_taken":3127,"minecraft:walk_one_cm":78030,"tombstone:sneak_grave":1,"minecraft:trigger_trapped_chest":2,"minecraft:drop":4,"minecraft:damage_dealt":3951,"minecraft:swim_one_cm":19591,"minecraft:fly_one_cm":243886,"minecraft:open_chest":4,"minecraft:crouch_one_cm":934,"minecraft:play_time":49498,"tombstone:undead_killed":9,"minecraft:deaths":10,"minecraft:sneak_time":726,"minecraft:walk_under_water_one_cm":4195,"minecraft:jump":973,"minecraft:interact_with_blast_furnace":2,"minecraft:walk_on_water_one_cm":5030,"minecraft:total_world_time":49498,"minecraft:fall_one_cm":27458},"minecraft:picked_up":{"born_in_chaos_v1:corpse_maggot":2,"minecraft:crafting_table":2,"minecraft:leather":4,"minecraft:potion":2,"minecraft:oak_log":5,"tombstone:grave_key":1,"minecraft:dirt":3,"born_in_chaos_v1:intoxicating_decoction":2,"minecraft:bone":3,"minecraft:wheat_seeds":1,"minecraft:beef":7,"minecraft:calcite":1,"minecraft:dark_oak_stairs":1,"minecraft:stick":2,"born_in_chaos_v1:ethereal_spirit":1,"minecraft:blast_furnace":3,"born_in_chaos_v1:pieceofdarkmetal":1,"iceandfire:silver_ingot":4,"minecraft:rotten_flesh":12,"minecraft:chainmail_leggings":1,"minecraft:hay_block":6,"minecraft:painting":1,"minecraft:bread":1,"tombstone:essence_of_undeath":1,"alexsmobs:maggot":2,"minecraft:coal":2,"minecraft:cobblestone":23},"minecraft:broken":{"minecraft:stone_axe":1},"minecraft:used":{"minecraft:stone_pickaxe":28,"minecraft:oak_planks":1,"minecraft:wooden_pickaxe":3,"minecraft:dirt":1,"minecraft:crafting_table":2,"minecraft:bread":11,"minecraft:stone_axe":72,"tombstone:gift":3,"alexsmobs:animal_dictionary":1},"minecraft:mined":{"minecraft:crafting_table":2,"minecraft:blast_furnace":3,"minecraft:grass_block":1,"minecraft:calcite":1,"luminousworld:grassvariant_2":1,"minecraft:tall_grass":1,"placeablesmod:bread_full_block":1,"minecraft:spawner":2,"minecraft:hay_block":6,"minecraft:grass":2,"minecraft:oak_log":5,"minecraft:coal_ore":2,"minecraft:vine":1,"minecraft:stone":23,"minecraft:oak_leaves":8},"minecraft:crafted":{"minecraft:oak_planks":20,"minecraft:crafting_table":1,"minecraft:wooden_pickaxe":1,"minecraft:furnace":1,"minecraft:stone_axe":1,"minecraft:bread":18,"minecraft:stick":4,"minecraft:stone_pickaxe":1,"minecraft:wheat":54},"minecraft:dropped":{"minecraft:bread":10,"alexsmobs:maggot":2,"tombstone:grave_key":1,"minecraft:potion":1}},"DataVersion":3465}