{"stats":{"minecraft:killed_by":{"minecraft:husk":9,"iceandfire:deathworm":1,"iceandfire:myrmex_worker":1,"enemyexpansion:equestrian":1,"born_in_chaos_v1:corpse_fly":1,"born_in_chaos_v1:zombie_clown":1,"takesapillage:archer":3,"undead_revamp2:thehunter":1,"mowziesmobs:ferrous_wroughtnaut":11,"iceandfire:gorgon":5,"iceandfire:lightning_dragon":5,"born_in_chaos_v1:corpse_fish":1,"enemyexpansion:direwolf":1,"iceandfire:ghost":2,"mowziesmobs:foliaath":1,"born_in_chaos_v1:door_knight":1,"iceandfire:myrmex_soldier":3,"iceandfire:fire_dragon":3},"minecraft:crafted":{"hangglider:glider_framework":1,"minecraft:oak_planks":20,"minecraft:furnace":1,"hangglider:glider_wing":1,"minecraft:iron_boots":1,"minecraft:stone_pickaxe":1,"sophisticatedbackpacks:iron_backpack":1,"minecraft:wheat":54,"iceandfire:silver_axe":1,"minecraft:crafting_table":1,"minecraft:iron_helmet":1,"minecraft:wooden_pickaxe":1,"sophisticatedbackpacks:gold_backpack":1,"minecraft:stone_axe":1,"minecraft:bread":18,"minecraft:iron_chestplate":1,"minecraft:shield":1,"minecraft:stick":12,"minecraft:iron_pickaxe":1,"minecraft:iron_leggings":1},"minecraft:used":{"minecraft:shield":57,"minecraft:iron_sword":131,"minecraft:smooth_sandstone_stairs":1,"minecraft:dirt":11,"supplementaries:ash":1,"minecraft:scaffolding":48,"tombstone:gift":7,"minecraft:cobbled_deepslate":54,"minecraft:light_gray_bed":2,"minecraft:stone_pickaxe":31,"minecraft:oak_planks":1,"minecraft:wooden_pickaxe":3,"minecraft:sandstone":17,"minecraft:golden_apple":1,"minecraft:sand":11,"minecraft:terracotta":8,"minecraft:crafting_table":4,"minecraft:mushroom_stew":1,"iceandfire:silver_axe":53,"minecraft:cake":3,"minecraft:bread":31,"minecraft:cyan_bed":2,"minecraft:iron_pickaxe":179,"tombstone:magic_scroll":1,"tombstone:grave_key":17,"ecologics:coconut_slice":3,"minecraft:stone_axe":72,"minecraft:potion":1,"minecraft:cobblestone":42,"alexsmobs:animal_dictionary":1},"minecraft:custom":{"minecraft:mob_kills":55,"minecraft:interact_with_crafting_table":13,"minecraft:open_barrel":24,"minecraft:damage_dealt_resisted":40,"minecraft:eat_cake_slice":4,"minecraft:leave_game":12,"minecraft:time_since_death":1554,"minecraft:climb_one_cm":21035,"minecraft:sprint_one_cm":469969,"minecraft:walk_one_cm":286803,"minecraft:damage_blocked_by_shield":1160,"minecraft:drop":88,"minecraft:damage_dealt_absorbed":90,"minecraft:play_time":190495,"minecraft:sneak_time":4500,"minecraft:deaths":55,"minecraft:walk_under_water_one_cm":26961,"minecraft:boat_one_cm":145980,"minecraft:jump":4632,"minecraft:interact_with_blast_furnace":2,"minecraft:walk_on_water_one_cm":83741,"minecraft:total_world_time":190495,"tombstone:raider_killed":1,"minecraft:sleep_in_bed":3,"minecraft:time_since_rest":1018,"minecraft:damage_taken":2147483647,"minecraft:damage_absorbed":41,"tombstone:sneak_grave":3,"minecraft:trigger_trapped_chest":4,"minecraft:damage_dealt":13202,"minecraft:swim_one_cm":161227,"minecraft:fly_one_cm":1126167,"minecraft:open_chest":61,"minecraft:crouch_one_cm":10889,"tombstone:undead_killed":24,"minecraft:fall_one_cm":118209},"minecraft:mined":{"minecraft:tuff":4,"minecraft:deepslate_diamond_ore":3,"minecraft:cobblestone_stairs":1,"minecraft:jungle_leaves":1,"luminousworld:ancient_sandstonebricks":7,"minecraft:budding_amethyst":2,"minecraft:grass_block":5,"luminousworld:ancient_chiseled_half_sandstone_bricks":1,"minecraft:light_gray_bed":2,"luminousworld:grassvariant_2":1,"minecraft:birch_slab":2,"minecraft:sandstone":23,"quark:jasper":2,"minecraft:spawner":2,"minecraft:hay_block":6,"minecraft:cobbled_deepslate":3,"minecraft:chiseled_sandstone":2,"minecraft:suspicious_sand":2,"minecraft:gold_block":1,"minecraft:vine":1,"iceandfire:myrmex_resin_sticky_jungle":1,"minecraft:smooth_sandstone_stairs":2,"minecraft:stone":49,"luminousworld:ancient_cracked_sandstone_bricks":3,"minecraft:cut_sandstone":1,"minecraft:scaffolding":7,"ecologics:pot":1,"iceandfire:myrmex_resin_jungle":2,"minecraft:amethyst_cluster":4,"luminousworld:ancient_sandstone_stairs":1,"minecraft:crafting_table":3,"born_in_chaos_v1:infected_deepslate_diamond_ore":2,"minecraft:blast_furnace":3,"minecraft:calcite":4,"minecraft:tall_grass":1,"minecraft:cobblestone":13,"minecraft:cyan_bed":2,"placeablesmod:bread_full_block":1,"minecraft:wall_torch":1,"minecraft:amethyst_block":5,"minecraft:blue_terracotta":1,"iceandfire:crackled_stone":1,"minecraft:grass":2,"minecraft:oak_log":5,"minecraft:coal_ore":4,"minecraft:sand":10,"minecraft:gravel":1,"minecraft:dirt":6,"minecraft:sandstone_wall":3,"minecraft:cobweb":1,"minecraft:smooth_basalt":2,"minecraft:terracotta":1,"minecraft:oak_leaves":14,"minecraft:deepslate":47},"minecraft:broken":{"minecraft:chainmail_leggings":1,"minecraft:iron_chestplate":1,"minecraft:diamond_boots":1,"minecraft:shield":1,"minecraft:stone_axe":1,"minecraft:iron_helmet":1},"minecraft:killed":{"born_in_chaos_v1:restless_spirit":1,"born_in_chaos_v1:zombie_clown_not_despawn":1,"iceandfire:gorgon":1,"enemyexpansion:equestrian":1,"enemyexpansion:direwolf":3,"born_in_chaos_v1:zombie_bruiser":1,"born_in_chaos_v1:maggot":10,"minecraft:horse":1,"minecraft:skeleton":2,"born_in_chaos_v1:corpse_fish":1,"undead_revamp2:sucker":1,"minecraft:husk":10,"born_in_chaos_v1:diamond_termite":4,"born_in_chaos_v1:decrepit_skeleton":2,"born_in_chaos_v1:decaying_zombie":1,"minecraft:zombie":1,"iceandfire:myrmex_soldier":1,"iceandfire:ghost":1,"born_in_chaos_v1:corpse_fly":1,"enemyexpansion:botfly":1,"enemyexpansion:huntsman":1,"born_in_chaos_v1:door_knight":1,"takesapillage:archer":1,"minecraft:cow":4,"enemyexpansion:wasp":1},"minecraft:picked_up":{"minecraft:crafting_table":3,"born_in_chaos_v1:diamond_termite_shard":3,"minecraft:potion":4,"minecraft:gold_block":1,"minecraft:enchanted_book":1,"iceandfire:myrmex_jungle_chitin":3,"tombstone:grave_key":1,"born_in_chaos_v1:intoxicating_decoction":2,"minecraft:gold_nugget":2,"minecraft:cobbled_deepslate":54,"minecraft:beef":28,"minecraft:calcite":1,"minecraft:iron_pickaxe":1,"iceandfire:dragonbone":20,"minecraft:sandstone":24,"minecraft:stick":2,"ecologics:coconut_slice":4,"sophisticatedbackpacks:backpack":1,"tombstone:grave_dust":4,"born_in_chaos_v1:pieceofdarkmetal":3,"iceandfire:silver_ingot":4,"minecraft:rotten_flesh":24,"minecraft:light_gray_bed":2,"minecraft:hay_block":6,"tombstone:essence_of_undeath":1,"supplementaries:ash":1,"minecraft:obsidian":5,"minecraft:cobblestone":55,"born_in_chaos_v1:corpse_maggot":4,"minecraft:leather":6,"minecraft:smooth_sandstone_stairs":1,"minecraft:oak_log":5,"minecraft:gunpowder":2,"minecraft:cobblestone_stairs":1,"minecraft:dirt":5,"minecraft:leather_boots":1,"minecraft:bone":8,"iceandfire:myrmex_jungle_resin":1,"minecraft:kelp":4,"minecraft:wheat_seeds":4,"minecraft:iron_ingot":11,"minecraft:dark_oak_sign":3,"minecraft:iron_sword":1,"minecraft:dark_oak_stairs":1,"minecraft:scaffolding":51,"iceandfire:copper_nugget":35,"luminousworld:ancient_sandstonebricks":1,"born_in_chaos_v1:dark_rod":2,"iceandfire:dragon_skull_fire":1,"minecraft:stone_brick_slab":3,"born_in_chaos_v1:ethereal_spirit":2,"minecraft:sand":5,"ecologics:coconut_husk":1,"minecraft:amethyst_shard":16,"minecraft:blast_furnace":3,"minecraft:cyan_bed":2,"iceandfire:myrmex_stinger":1,"alexsmobs:animal_dictionary":1,"minecraft:diamond":3,"minecraft:chainmail_leggings":1,"minecraft:painting":1,"minecraft:bone_meal":1,"minecraft:golden_apple":9,"minecraft:terracotta":1,"minecraft:bread":31,"luminousworld:ancient_cracked_sandstone_bricks":2,"iceandfire:gorgon_head":1,"alexsmobs:maggot":2,"tombstone:magic_scroll":2,"minecraft:coal":4},"minecraft:dropped":{"minecraft:bread":30,"minecraft:iron_sword":1,"minecraft:wheat_seeds":6,"minecraft:glass_bottle":1,"ecologics:coconut_slice":1,"minecraft:cobblestone_stairs":1,"minecraft:dirt":2,"tombstone:grave_key":1,"minecraft:potion":5,"minecraft:sand":1,"minecraft:iron_pickaxe":1,"iceandfire:myrmex_jungle_chitin":3,"minecraft:stone_brick_slab":4,"alexsmobs:maggot":2,"luminousworld:ancient_cracked_sandstone_bricks":2,"minecraft:dark_oak_sign":3,"minecraft:bowl":1,"minecraft:beetroot":3,"iceandfire:myrmex_stinger":1,"minecraft:rotten_flesh":12,"luminousworld:ancient_sandstonebricks":1,"iceandfire:myrmex_jungle_resin":1,"minecraft:gunpowder":2,"born_in_chaos_v1:corpse_maggot":2,"ecologics:coconut_husk":4,"minecraft:sandstone":7,"minecraft:beef":28,"minecraft:stone_pickaxe":1}},"DataVersion":3465}