{"stats":{"minecraft:killed_by":{"undead_revamp2:thehunter":1},"minecraft:custom":{"minecraft:time_since_rest":13323,"minecraft:deaths":1,"minecraft:sprint_one_cm":10432,"minecraft:play_time":17495,"minecraft:damage_taken":430,"minecraft:walk_one_cm":6896,"minecraft:sneak_time":248,"minecraft:walk_under_water_one_cm":217,"minecraft:drop":1,"minecraft:jump":107,"minecraft:damage_dealt":27,"minecraft:leave_game":1,"minecraft:walk_on_water_one_cm":669,"minecraft:time_since_death":13501,"minecraft:total_world_time":17495,"minecraft:swim_one_cm":9566,"minecraft:interact_with_crafting_table":5,"minecraft:fall_one_cm":4171,"minecraft:fly_one_cm":21284},"minecraft:picked_up":{"minecraft:crafting_table":1,"minecraft:stick":2,"minecraft:oak_log":5,"minecraft:cobblestone":23},"minecraft:used":{"minecraft:stone_axe":1,"minecraft:crafting_table":1,"minecraft:stone_pickaxe":20,"tombstone:gift":1,"alexsmobs:animal_dictionary":1,"minecraft:wooden_pickaxe":3},"minecraft:mined":{"minecraft:oak_log":5,"minecraft:stone":23,"minecraft:crafting_table":1,"minecraft:oak_leaves":6},"minecraft:dropped":{"tombstone:grave_key":1},"minecraft:crafted":{"minecraft:furnace":1,"minecraft:oak_planks":20,"minecraft:stone_axe":1,"minecraft:crafting_table":1,"minecraft:stick":4,"minecraft:wooden_pickaxe":1,"minecraft:stone_pickaxe":1}},"DataVersion":3465}