{"stats":{"minecraft:killed":{"minecraft:skeleton":1,"born_in_chaos_v1:decaying_zombie":1,"minecraft:zombie":1,"born_in_chaos_v1:corpse_fly":1,"enemyexpansion:equestrian":1,"born_in_chaos_v1:zombie_clown_not_despawn":1,"undead_revamp2:sucker":1,"born_in_chaos_v1:zombie_bruiser":1,"enemyexpansion:wasp":1,"born_in_chaos_v1:decrepit_skeleton":1,"born_in_chaos_v1:maggot":6},"minecraft:killed_by":{"enemyexpansion:direwolf":1,"undead_revamp2:thehunter":1,"enemyexpansion:equestrian":1},"minecraft:custom":{"minecraft:time_since_rest":7813,"minecraft:sprint_one_cm":45138,"minecraft:damage_taken":1274,"minecraft:walk_one_cm":36445,"minecraft:mob_kills":16,"minecraft:drop":1,"minecraft:damage_dealt":2903,"minecraft:interact_with_crafting_table":7,"minecraft:swim_one_cm":17588,"minecraft:fly_one_cm":97238,"minecraft:open_barrel":3,"minecraft:open_chest":2,"minecraft:crouch_one_cm":76,"tombstone:undead_killed":8,"minecraft:play_time":29495,"minecraft:deaths":3,"minecraft:sneak_time":300,"minecraft:walk_under_water_one_cm":633,"minecraft:jump":471,"minecraft:time_since_death":9130,"minecraft:leave_game":1,"minecraft:walk_on_water_one_cm":2633,"minecraft:climb_one_cm":547,"minecraft:total_world_time":29495,"minecraft:fall_one_cm":12827},"minecraft:picked_up":{"born_in_chaos_v1:corpse_maggot":2,"minecraft:stick":2,"minecraft:crafting_table":2,"minecraft:potion":1,"minecraft:oak_log":5,"minecraft:blast_furnace":3,"born_in_chaos_v1:pieceofdarkmetal":1,"minecraft:dirt":2,"born_in_chaos_v1:intoxicating_decoction":2,"minecraft:bone":3,"minecraft:rotten_flesh":12,"minecraft:wheat_seeds":1,"minecraft:chainmail_leggings":1,"minecraft:hay_block":6,"minecraft:calcite":1,"minecraft:painting":1,"tombstone:essence_of_undeath":1,"minecraft:coal":2,"minecraft:cobblestone":23},"minecraft:used":{"minecraft:bread":5,"minecraft:stone_pickaxe":28,"minecraft:oak_planks":1,"minecraft:wooden_pickaxe":3,"minecraft:stone_axe":43,"minecraft:crafting_table":2,"tombstone:gift":2,"alexsmobs:animal_dictionary":1},"minecraft:mined":{"minecraft:hay_block":6,"minecraft:crafting_table":2,"minecraft:calcite":1,"minecraft:blast_furnace":3,"minecraft:oak_log":5,"minecraft:coal_ore":2,"luminousworld:grassvariant_2":1,"minecraft:stone":23,"minecraft:oak_leaves":6,"minecraft:spawner":2},"minecraft:dropped":{"tombstone:grave_key":1},"minecraft:crafted":{"minecraft:oak_planks":20,"minecraft:crafting_table":1,"minecraft:stick":4,"minecraft:wooden_pickaxe":1,"minecraft:stone_pickaxe":1,"minecraft:furnace":1,"minecraft:stone_axe":1,"minecraft:bread":12,"minecraft:wheat":36}},"DataVersion":3465}