{"stats":{"minecraft:killed":{"born_in_chaos_v1:diamond_termite":4,"born_in_chaos_v1:restless_spirit":1,"born_in_chaos_v1:zombie_clown_not_despawn":1,"enemyexpansion:equestrian":1,"enemyexpansion:direwolf":3,"born_in_chaos_v1:zombie_bruiser":1,"born_in_chaos_v1:decrepit_skeleton":1,"born_in_chaos_v1:maggot":6,"minecraft:skeleton":2,"born_in_chaos_v1:decaying_zombie":1,"minecraft:zombie":1,"born_in_chaos_v1:corpse_fly":1,"enemyexpansion:huntsman":1,"born_in_chaos_v1:door_knight":1,"undead_revamp2:sucker":1,"minecraft:cow":4,"enemyexpansion:wasp":1},"minecraft:killed_by":{"undead_revamp2:thehunter":1,"minecraft:husk":5,"enemyexpansion:direwolf":1,"enemyexpansion:equestrian":1,"born_in_chaos_v1:zombie_clown":1,"iceandfire:ghost":2,"born_in_chaos_v1:door_knight":1},"minecraft:custom":{"minecraft:mob_kills":32,"minecraft:interact_with_crafting_table":9,"minecraft:open_barrel":7,"minecraft:leave_game":3,"minecraft:time_since_death":3057,"minecraft:sleep_in_bed":1,"minecraft:climb_one_cm":1333,"minecraft:time_since_rest":2739,"minecraft:sprint_one_cm":173538,"minecraft:damage_taken":4254,"minecraft:walk_one_cm":124725,"minecraft:damage_blocked_by_shield":820,"tombstone:sneak_grave":2,"minecraft:trigger_trapped_chest":2,"minecraft:drop":58,"minecraft:damage_dealt":6516,"minecraft:swim_one_cm":58250,"minecraft:fly_one_cm":453624,"minecraft:open_chest":15,"minecraft:crouch_one_cm":2036,"minecraft:play_time":74260,"tombstone:undead_killed":11,"minecraft:deaths":12,"minecraft:sneak_time":1414,"minecraft:walk_under_water_one_cm":11804,"minecraft:boat_one_cm":145980,"minecraft:jump":1851,"minecraft:interact_with_blast_furnace":2,"minecraft:walk_on_water_one_cm":28111,"minecraft:total_world_time":74260,"minecraft:fall_one_cm":54966},"minecraft:picked_up":{"born_in_chaos_v1:diamond_termite_shard":3,"born_in_chaos_v1:corpse_maggot":2,"minecraft:crafting_table":3,"minecraft:leather":4,"minecraft:enchanted_book":1,"minecraft:potion":4,"minecraft:oak_log":5,"tombstone:grave_key":1,"minecraft:gunpowder":1,"minecraft:dirt":3,"born_in_chaos_v1:intoxicating_decoction":2,"minecraft:bone":5,"minecraft:kelp":4,"minecraft:wheat_seeds":1,"minecraft:cobbled_deepslate":54,"minecraft:iron_ingot":11,"minecraft:beef":28,"minecraft:dark_oak_sign":3,"minecraft:calcite":1,"minecraft:dark_oak_stairs":1,"minecraft:stick":2,"iceandfire:copper_nugget":35,"born_in_chaos_v1:ethereal_spirit":1,"minecraft:amethyst_shard":16,"minecraft:blast_furnace":3,"minecraft:cyan_bed":1,"born_in_chaos_v1:pieceofdarkmetal":1,"iceandfire:silver_ingot":4,"minecraft:rotten_flesh":12,"minecraft:diamond":3,"minecraft:chainmail_leggings":1,"minecraft:hay_block":6,"minecraft:painting":1,"minecraft:bread":31,"tombstone:essence_of_undeath":1,"alexsmobs:maggot":2,"minecraft:obsidian":5,"minecraft:coal":2,"minecraft:cobblestone":24},"minecraft:broken":{"minecraft:stone_axe":1},"minecraft:used":{"minecraft:stone_pickaxe":31,"minecraft:oak_planks":1,"minecraft:shield":24,"minecraft:wooden_pickaxe":3,"minecraft:iron_sword":9,"minecraft:dirt":1,"minecraft:crafting_table":3,"iceandfire:silver_axe":49,"minecraft:cake":3,"minecraft:cyan_bed":1,"minecraft:bread":21,"minecraft:iron_pickaxe":74,"minecraft:stone_axe":72,"minecraft:potion":1,"minecraft:cobblestone":10,"tombstone:gift":7,"alexsmobs:animal_dictionary":1,"minecraft:cobbled_deepslate":34},"minecraft:mined":{"minecraft:tuff":4,"minecraft:deepslate_diamond_ore":3,"minecraft:amethyst_cluster":4,"minecraft:crafting_table":3,"born_in_chaos_v1:infected_deepslate_diamond_ore":2,"minecraft:budding_amethyst":2,"minecraft:blast_furnace":3,"minecraft:grass_block":1,"minecraft:calcite":4,"luminousworld:grassvariant_2":1,"minecraft:tall_grass":1,"minecraft:cyan_bed":1,"placeablesmod:bread_full_block":1,"minecraft:amethyst_block":5,"minecraft:spawner":2,"minecraft:hay_block":6,"iceandfire:crackled_stone":1,"minecraft:cobbled_deepslate":3,"minecraft:grass":2,"minecraft:oak_log":5,"minecraft:coal_ore":2,"minecraft:vine":1,"minecraft:gravel":1,"minecraft:smooth_basalt":2,"minecraft:stone":23,"minecraft:deepslate":47,"minecraft:oak_leaves":8},"minecraft:dropped":{"minecraft:bread":30,"alexsmobs:maggot":2,"minecraft:dark_oak_sign":3,"minecraft:rotten_flesh":12,"minecraft:dirt":2,"tombstone:grave_key":1,"born_in_chaos_v1:corpse_maggot":2,"minecraft:potion":5,"minecraft:stone_pickaxe":1,"minecraft:beef":28},"minecraft:crafted":{"hangglider:glider_framework":1,"iceandfire:silver_axe":1,"minecraft:oak_planks":20,"minecraft:crafting_table":1,"minecraft:wooden_pickaxe":1,"minecraft:furnace":1,"hangglider:glider_wing":1,"minecraft:stone_axe":1,"minecraft:bread":18,"minecraft:shield":1,"minecraft:stick":12,"minecraft:iron_pickaxe":1,"minecraft:stone_pickaxe":1,"minecraft:wheat":54}},"DataVersion":3465}