{"stats":{"minecraft:killed":{"born_in_chaos_v1:diamond_termite":2,"born_in_chaos_v1:restless_spirit":1,"born_in_chaos_v1:zombie_clown_not_despawn":1,"enemyexpansion:equestrian":1,"enemyexpansion:direwolf":3,"born_in_chaos_v1:zombie_bruiser":1,"born_in_chaos_v1:decrepit_skeleton":1,"born_in_chaos_v1:maggot":6,"minecraft:skeleton":2,"born_in_chaos_v1:decaying_zombie":1,"minecraft:zombie":1,"born_in_chaos_v1:corpse_fly":1,"enemyexpansion:huntsman":1,"born_in_chaos_v1:door_knight":1,"undead_revamp2:sucker":1,"minecraft:cow":4,"enemyexpansion:wasp":1},"minecraft:killed_by":{"undead_revamp2:thehunter":1,"minecraft:husk":5,"enemyexpansion:direwolf":1,"enemyexpansion:equestrian":1,"iceandfire:ghost":2,"born_in_chaos_v1:door_knight":1},"minecraft:custom":{"minecraft:mob_kills":29,"minecraft:interact_with_crafting_table":9,"minecraft:open_barrel":7,"minecraft:leave_game":2,"minecraft:time_since_death":4241,"minecraft:climb_one_cm":1333,"minecraft:time_since_rest":4008,"minecraft:sprint_one_cm":155511,"minecraft:damage_taken":3883,"minecraft:walk_one_cm":104145,"minecraft:damage_blocked_by_shield":350,"tombstone:sneak_grave":2,"minecraft:trigger_trapped_chest":2,"minecraft:drop":55,"minecraft:damage_dealt":5736,"minecraft:swim_one_cm":47392,"minecraft:fly_one_cm":412459,"minecraft:open_chest":6,"minecraft:crouch_one_cm":1269,"minecraft:play_time":67498,"tombstone:undead_killed":11,"minecraft:deaths":11,"minecraft:sneak_time":907,"minecraft:walk_under_water_one_cm":7356,"minecraft:boat_one_cm":145980,"minecraft:jump":1616,"minecraft:interact_with_blast_furnace":2,"minecraft:walk_on_water_one_cm":13624,"minecraft:total_world_time":67498,"minecraft:fall_one_cm":50196},"minecraft:picked_up":{"born_in_chaos_v1:diamond_termite_shard":2,"born_in_chaos_v1:corpse_maggot":2,"minecraft:crafting_table":3,"minecraft:leather":4,"minecraft:potion":4,"minecraft:oak_log":5,"tombstone:grave_key":1,"minecraft:gunpowder":1,"minecraft:dirt":3,"born_in_chaos_v1:intoxicating_decoction":2,"minecraft:bone":5,"minecraft:kelp":4,"minecraft:wheat_seeds":1,"minecraft:cobbled_deepslate":18,"minecraft:beef":28,"minecraft:calcite":1,"minecraft:dark_oak_stairs":1,"minecraft:stick":2,"born_in_chaos_v1:ethereal_spirit":1,"minecraft:amethyst_shard":16,"minecraft:blast_furnace":3,"born_in_chaos_v1:pieceofdarkmetal":1,"iceandfire:silver_ingot":4,"minecraft:rotten_flesh":12,"minecraft:diamond":3,"minecraft:chainmail_leggings":1,"minecraft:hay_block":6,"minecraft:painting":1,"minecraft:bread":31,"tombstone:essence_of_undeath":1,"alexsmobs:maggot":2,"minecraft:coal":2,"minecraft:cobblestone":24},"minecraft:broken":{"minecraft:stone_axe":1},"minecraft:used":{"minecraft:stone_pickaxe":31,"minecraft:oak_planks":1,"minecraft:shield":13,"minecraft:wooden_pickaxe":3,"minecraft:dirt":1,"minecraft:crafting_table":3,"iceandfire:silver_axe":35,"minecraft:cake":3,"minecraft:bread":19,"minecraft:iron_pickaxe":29,"minecraft:stone_axe":72,"minecraft:cobblestone":10,"tombstone:gift":5,"alexsmobs:animal_dictionary":1,"minecraft:cobbled_deepslate":14},"minecraft:mined":{"minecraft:tuff":4,"minecraft:deepslate_diamond_ore":3,"minecraft:amethyst_cluster":4,"minecraft:crafting_table":3,"born_in_chaos_v1:infected_deepslate_diamond_ore":1,"minecraft:budding_amethyst":1,"minecraft:blast_furnace":3,"minecraft:grass_block":1,"minecraft:calcite":4,"luminousworld:grassvariant_2":1,"minecraft:tall_grass":1,"placeablesmod:bread_full_block":1,"minecraft:amethyst_block":3,"minecraft:spawner":2,"minecraft:hay_block":6,"minecraft:cobbled_deepslate":3,"minecraft:grass":2,"minecraft:oak_log":5,"minecraft:coal_ore":2,"minecraft:vine":1,"minecraft:gravel":1,"minecraft:smooth_basalt":2,"minecraft:stone":23,"minecraft:deepslate":7,"minecraft:oak_leaves":8},"minecraft:dropped":{"minecraft:bread":30,"alexsmobs:maggot":2,"minecraft:rotten_flesh":12,"minecraft:dirt":2,"tombstone:grave_key":1,"born_in_chaos_v1:corpse_maggot":2,"minecraft:potion":5,"minecraft:stone_pickaxe":1,"minecraft:beef":28},"minecraft:crafted":{"hangglider:glider_framework":1,"iceandfire:silver_axe":1,"minecraft:oak_planks":20,"minecraft:crafting_table":1,"minecraft:wooden_pickaxe":1,"minecraft:furnace":1,"hangglider:glider_wing":1,"minecraft:stone_axe":1,"minecraft:bread":18,"minecraft:shield":1,"minecraft:stick":12,"minecraft:iron_pickaxe":1,"minecraft:stone_pickaxe":1,"minecraft:wheat":54}},"DataVersion":3465}