{"stats":{"minecraft:killed":{"minecraft:skeleton":2,"born_in_chaos_v1:decaying_zombie":1,"minecraft:zombie":1,"born_in_chaos_v1:corpse_fly":1,"born_in_chaos_v1:zombie_clown_not_despawn":1,"enemyexpansion:equestrian":1,"undead_revamp2:sucker":1,"born_in_chaos_v1:zombie_bruiser":1,"born_in_chaos_v1:maggot":6,"born_in_chaos_v1:decrepit_skeleton":1,"enemyexpansion:wasp":1},"minecraft:killed_by":{"enemyexpansion:direwolf":1,"undead_revamp2:thehunter":1,"minecraft:husk":5,"enemyexpansion:equestrian":1},"minecraft:custom":{"minecraft:sprint_one_cm":81634,"minecraft:damage_taken":2556,"minecraft:walk_one_cm":68373,"tombstone:sneak_grave":1,"minecraft:mob_kills":17,"minecraft:drop":2,"minecraft:damage_dealt":3247,"minecraft:interact_with_crafting_table":7,"minecraft:swim_one_cm":19591,"minecraft:fly_one_cm":149080,"minecraft:open_barrel":7,"minecraft:play_time":43498,"minecraft:open_chest":4,"minecraft:crouch_one_cm":934,"tombstone:undead_killed":9,"minecraft:deaths":8,"minecraft:sneak_time":726,"minecraft:walk_under_water_one_cm":4195,"minecraft:jump":665,"minecraft:leave_game":2,"minecraft:time_since_death":3476,"minecraft:interact_with_blast_furnace":2,"minecraft:walk_on_water_one_cm":2823,"minecraft:fall_one_cm":19021,"minecraft:total_world_time":43498,"minecraft:climb_one_cm":711,"minecraft:time_since_rest":2836},"minecraft:picked_up":{"born_in_chaos_v1:corpse_maggot":2,"minecraft:stick":2,"minecraft:crafting_table":2,"minecraft:potion":1,"minecraft:oak_log":5,"tombstone:grave_key":1,"minecraft:blast_furnace":3,"born_in_chaos_v1:pieceofdarkmetal":1,"minecraft:dirt":2,"born_in_chaos_v1:intoxicating_decoction":2,"minecraft:bone":3,"minecraft:rotten_flesh":12,"minecraft:wheat_seeds":1,"minecraft:chainmail_leggings":1,"minecraft:hay_block":6,"minecraft:painting":1,"minecraft:calcite":1,"tombstone:essence_of_undeath":1,"minecraft:bread":1,"minecraft:coal":2,"minecraft:dark_oak_stairs":1,"minecraft:cobblestone":23},"minecraft:used":{"minecraft:bread":8,"minecraft:stone_pickaxe":28,"minecraft:oak_planks":1,"minecraft:wooden_pickaxe":3,"minecraft:stone_axe":48,"minecraft:crafting_table":2,"alexsmobs:animal_dictionary":1,"tombstone:gift":2},"minecraft:mined":{"minecraft:hay_block":6,"minecraft:crafting_table":2,"minecraft:blast_furnace":3,"minecraft:calcite":1,"minecraft:coal_ore":2,"minecraft:oak_log":5,"luminousworld:grassvariant_2":1,"minecraft:stone":23,"placeablesmod:bread_full_block":1,"minecraft:oak_leaves":6,"minecraft:spawner":2},"minecraft:crafted":{"minecraft:oak_planks":20,"minecraft:crafting_table":1,"minecraft:stick":4,"minecraft:wooden_pickaxe":1,"minecraft:stone_pickaxe":1,"minecraft:furnace":1,"minecraft:stone_axe":1,"minecraft:bread":12,"minecraft:wheat":36},"minecraft:dropped":{"minecraft:bread":10,"tombstone:grave_key":1}},"DataVersion":3465}