{"stats":{"minecraft:killed":{"minecraft:sheep":4,"minecraft:zombie":1,"minecraft:pig":1,"naturalist:sparrow":1,"minecraft:zombie_horse":1,"born_in_chaos_v1:maggot":2},"minecraft:killed_by":{"undead_revamp2:sucker":1,"born_in_chaos_v1:maggot":1},"minecraft:custom":{"minecraft:time_since_rest":190,"minecraft:sprint_one_cm":30622,"minecraft:damage_taken":785,"minecraft:walk_one_cm":71978,"minecraft:mob_kills":10,"minecraft:damage_dealt":970,"minecraft:interact_with_crafting_table":1,"minecraft:fly_one_cm":15657,"minecraft:open_chest":2,"minecraft:play_time":18921,"tombstone:undead_killed":2,"minecraft:deaths":3,"minecraft:walk_under_water_one_cm":868,"minecraft:jump":317,"minecraft:interact_with_brewingstand":1,"minecraft:leave_game":1,"minecraft:time_since_death":1908,"minecraft:walk_on_water_one_cm":438,"minecraft:total_world_time":18921,"minecraft:fall_one_cm":5493},"minecraft:picked_up":{"born_in_chaos_v1:corpse_maggot":1,"minecraft:stick":3,"minecraft:crafting_table":1,"minecraft:spruce_fence":1,"minecraft:potion":2,"minecraft:porkchop":1,"minecraft:oak_log":6,"minecraft:brewing_stand":1,"minecraft:rotten_flesh":1,"minecraft:wheat_seeds":1,"minecraft:spruce_planks":1,"born_in_chaos_v1:gnawed_bones":1,"minecraft:terracotta":1,"minecraft:oak_sapling":1,"minecraft:mutton":6,"minecraft:skeleton_skull":1,"minecraft:white_wool":4},"minecraft:used":{"born_in_chaos_v1:corpse_maggot":1,"minecraft:wooden_axe":3,"minecraft:oak_planks":2,"born_in_chaos_v1:intoxicating_decoction":3,"minecraft:wooden_pickaxe":5,"minecraft:wooden_sword":34,"minecraft:crafting_table":1,"minecraft:porkchop":1,"alexsmobs:animal_dictionary":2},"minecraft:mined":{"minecraft:skeleton_skull":1,"minecraft:spruce_planks":1,"minecraft:brewing_stand":1,"minecraft:crafting_table":1,"minecraft:grass":10,"minecraft:spruce_fence":1,"minecraft:oak_log":6,"luminousworld:grassvariant_2":3,"luminousworld:grassvariant_3":4,"minecraft:terracotta":1,"born_in_chaos_v1:gnawed_bones":1,"minecraft:oak_leaves":10},"minecraft:crafted":{"minecraft:wooden_sword":1,"minecraft:oak_planks":24,"minecraft:crafting_table":1,"minecraft:stick":4,"minecraft:wooden_pickaxe":1,"minecraft:wooden_axe":1}},"DataVersion":3465}