{"stats":{"minecraft:killed":{"minecraft:pig":1,"born_in_chaos_v1:thornshell_crab":1,"minecraft:zombie_horse":1,"born_in_chaos_v1:maggot":3,"minecraft:sheep":5,"minecraft:horse":1,"minecraft:zombie":1,"naturalist:sparrow":1},"minecraft:killed_by":{"minecraft:husk":1,"undead_revamp2:sucker":1,"enemyexpansion:wasp":1,"iceandfire:siren":1,"born_in_chaos_v1:maggot":1},"minecraft:custom":{"minecraft:mob_kills":14,"minecraft:interact_with_crafting_table":2,"minecraft:open_barrel":2,"minecraft:leave_game":1,"minecraft:time_since_death":218,"minecraft:climb_one_cm":692,"minecraft:time_since_rest":1,"minecraft:sprint_one_cm":77595,"minecraft:damage_taken":1505,"minecraft:walk_one_cm":144651,"minecraft:drop":6,"minecraft:damage_dealt":2255,"minecraft:fly_one_cm":46891,"minecraft:open_chest":5,"minecraft:play_time":42921,"tombstone:undead_killed":2,"minecraft:deaths":6,"minecraft:sneak_time":226,"minecraft:walk_under_water_one_cm":1081,"minecraft:boat_one_cm":14670,"minecraft:jump":548,"minecraft:interact_with_brewingstand":1,"minecraft:walk_on_water_one_cm":6265,"minecraft:total_world_time":42921,"minecraft:fall_one_cm":9786},"minecraft:picked_up":{"born_in_chaos_v1:corpse_maggot":2,"minecraft:crafting_table":1,"minecraft:flower_pot":1,"ecologics:seashell":1,"minecraft:potion":2,"minecraft:oak_log":6,"tombstone:grave_key":1,"minecraft:brewing_stand":1,"minecraft:cornflower":1,"minecraft:wheat_seeds":1,"minecraft:spruce_planks":1,"minecraft:redstone_torch":1,"born_in_chaos_v1:gnawed_bones":1,"minecraft:dark_oak_stairs":1,"minecraft:stick":3,"minecraft:spruce_fence":1,"minecraft:porkchop":1,"minecraft:rotten_flesh":1,"born_in_chaos_v1:spiny_shell":3,"minecraft:bread":10,"minecraft:terracotta":1,"minecraft:oak_sapling":1,"minecraft:mutton":8,"minecraft:skeleton_skull":1,"minecraft:white_wool":5},"minecraft:used":{"minecraft:glass_bottle":3,"minecraft:oak_planks":2,"born_in_chaos_v1:intoxicating_decoction":3,"minecraft:wooden_pickaxe":5,"minecraft:crafting_table":2,"minecraft:redstone_torch":1,"born_in_chaos_v1:corpse_maggot":1,"minecraft:wooden_axe":18,"minecraft:wooden_sword":38,"minecraft:porkchop":1,"tombstone:gift":1,"alexsmobs:animal_dictionary":2,"minecraft:oak_boat":1},"minecraft:mined":{"minecraft:spruce_planks":1,"minecraft:brewing_stand":1,"minecraft:crafting_table":1,"minecraft:grass_block":2,"minecraft:spruce_fence":1,"luminousworld:grassvariant_2":4,"born_in_chaos_v1:gnawed_bones":1,"minecraft:skeleton_skull":1,"ecologics:seashell":1,"minecraft:dark_oak_stairs":2,"minecraft:grass":12,"minecraft:oak_log":6,"minecraft:dirt":1,"luminousworld:grassvariant_3":4,"minecraft:potted_cornflower":1,"minecraft:terracotta":1,"minecraft:oak_leaves":11,"minecraft:redstone_wall_torch":1},"minecraft:dropped":{"minecraft:wheat_seeds":1,"tombstone:grave_key":1,"minecraft:oak_sapling":1,"minecraft:potion":3},"minecraft:crafted":{"minecraft:wooden_sword":1,"minecraft:oak_planks":24,"minecraft:crafting_table":1,"minecraft:wooden_pickaxe":1,"minecraft:oak_boat":1,"minecraft:stick":4,"minecraft:wooden_axe":1}},"DataVersion":3465}