{"stats":{"minecraft:killed":{"born_in_chaos_v1:maggot":1,"minecraft:zombie":1},"minecraft:killed_by":{"born_in_chaos_v1:maggot":1},"minecraft:custom":{"minecraft:jump":13,"minecraft:time_since_rest":1,"minecraft:damage_dealt":261,"minecraft:deaths":1,"tombstone:undead_killed":1,"minecraft:damage_taken":250,"minecraft:play_time":2040,"minecraft:time_since_death":294,"minecraft:walk_one_cm":2849,"minecraft:total_world_time":2040,"minecraft:mob_kills":2,"minecraft:fly_one_cm":646},"minecraft:used":{"alexsmobs:animal_dictionary":2}},"DataVersion":3465}