{"stats":{"minecraft:killed":{"minecraft:sheep":5,"minecraft:zombie":1,"minecraft:pig":1,"naturalist:sparrow":1,"minecraft:zombie_horse":1,"born_in_chaos_v1:maggot":3},"minecraft:killed_by":{"undead_revamp2:sucker":1,"enemyexpansion:wasp":1,"born_in_chaos_v1:maggot":1},"minecraft:custom":{"minecraft:time_since_rest":3490,"minecraft:sprint_one_cm":67723,"minecraft:damage_taken":1045,"minecraft:walk_one_cm":109808,"minecraft:mob_kills":12,"minecraft:damage_dealt":1773,"minecraft:interact_with_crafting_table":1,"minecraft:fly_one_cm":36154,"minecraft:open_chest":3,"minecraft:play_time":30921,"tombstone:undead_killed":2,"minecraft:deaths":4,"minecraft:sneak_time":33,"minecraft:walk_under_water_one_cm":1073,"minecraft:jump":499,"minecraft:interact_with_brewingstand":1,"minecraft:leave_game":1,"minecraft:time_since_death":5361,"minecraft:walk_on_water_one_cm":1565,"minecraft:total_world_time":30921,"minecraft:fall_one_cm":8962},"minecraft:picked_up":{"born_in_chaos_v1:corpse_maggot":2,"minecraft:stick":3,"minecraft:crafting_table":1,"minecraft:spruce_fence":1,"minecraft:potion":2,"minecraft:porkchop":1,"minecraft:oak_log":6,"minecraft:brewing_stand":1,"minecraft:rotten_flesh":1,"minecraft:wheat_seeds":1,"minecraft:spruce_planks":1,"born_in_chaos_v1:gnawed_bones":1,"minecraft:terracotta":1,"minecraft:oak_sapling":1,"minecraft:mutton":8,"minecraft:skeleton_skull":1,"minecraft:white_wool":5},"minecraft:used":{"born_in_chaos_v1:corpse_maggot":1,"minecraft:wooden_axe":3,"minecraft:oak_planks":2,"born_in_chaos_v1:intoxicating_decoction":3,"minecraft:wooden_pickaxe":5,"minecraft:wooden_sword":38,"minecraft:crafting_table":1,"minecraft:porkchop":1,"tombstone:gift":1,"alexsmobs:animal_dictionary":2},"minecraft:mined":{"minecraft:skeleton_skull":1,"minecraft:spruce_planks":1,"minecraft:brewing_stand":1,"minecraft:crafting_table":1,"minecraft:grass":12,"minecraft:grass_block":2,"minecraft:spruce_fence":1,"minecraft:oak_log":6,"minecraft:dirt":1,"luminousworld:grassvariant_2":4,"luminousworld:grassvariant_3":4,"minecraft:terracotta":1,"born_in_chaos_v1:gnawed_bones":1,"minecraft:oak_leaves":11},"minecraft:crafted":{"minecraft:wooden_sword":1,"minecraft:oak_planks":24,"minecraft:crafting_table":1,"minecraft:stick":4,"minecraft:wooden_pickaxe":1,"minecraft:wooden_axe":1}},"DataVersion":3465}